name,deploy,params,size_mb,flops,cpu_lat,gpu_lat
RepVGG-A0,False,9108968,36.626898,1530457600.0,0.06371166229248047,0.0064384698867797855
RepVGG-A0,True,8309384,33.252733,1361515008.0,0.03681830883026123,0.00327547550201416
RepVGG-B0,False,15817960,63.537364,3429267968.0,0.10449231624603271,0.008263754844665527
RepVGG-B0,True,14339048,57.375221,3057664512.0,0.09139061450958252,0.003908782005310058
RepVGG-B1g2,False,45782376,183.52674,9845878784.0,0.31801145553588867,0.00981290340423584
RepVGG-B1g2,True,41360104,165.459509,8809844736.0,0.2313629913330078,0.006895241737365723
ResNet-18,False,11689512,46.828683,1824033792.0,0.060983567237854,0.0038546228408813474
ResNet-34,False,21797672,87.315819,3678739456.0,0.10852032661437988,0.004856796264648438
ResNet-50,False,25557032,102.523629,4133742592.0,0.14644094944000244,0.006929197311401367
